Kategori,Model,Slug,Varian,Harga Referensi (Rp),Dasar Harga,Warna Tampil,Catatan,Sumber Yamaha,Tanggal Akses,Path Gambar Placeholder
MAXI,AEROX 155,aerox-155,Connected/ABS,32115000,Harga Rekomendasi OTR Jakarta,Prestige Silver,,https://www.yamaha-motor.co.id/product/all-new-aerox155-connected/,2026-08-07,images/produk/aerox-155.webp
MAXI,AEROX 155,aerox-155,CyberCity,29580000,Harga Rekomendasi OTR Jakarta,Prestige Silver,,https://www.yamaha-motor.co.id/product/all-new-aerox155-connected/,2026-08-07,images/produk/aerox-155.webp
MAXI,AEROX 155,aerox-155,Standard,29380000,Harga Rekomendasi OTR Jakarta,Prestige Silver,,https://www.yamaha-motor.co.id/product/all-new-aerox155-connected/,2026-08-07,images/produk/aerox-155.webp
MAXI,AEROX ALPHA,aerox-alpha,"""TURBO"" 70th Livery",40450000,Harga Rekomendasi OTR Jakarta,Elixir Dark Silver,,https://www.yamaha-motor.co.id/product/aerox-alpha/,2026-08-07,images/produk/aerox-alpha.webp
MAXI,AEROX ALPHA,aerox-alpha,"""TURBO"" Ultimate",42230000,Harga Rekomendasi OTR Jakarta,Elixir Dark Silver,,https://www.yamaha-motor.co.id/product/aerox-alpha/,2026-08-07,images/produk/aerox-alpha.webp
MAXI,AEROX ALPHA,aerox-alpha,"""TURBO""",40050000,Harga Rekomendasi OTR Jakarta,Elixir Dark Silver,,https://www.yamaha-motor.co.id/product/aerox-alpha/,2026-08-07,images/produk/aerox-alpha.webp
MAXI,AEROX ALPHA,aerox-alpha,CyberCity ABS,34790000,Harga Rekomendasi OTR Jakarta,Elixir Dark Silver,,https://www.yamaha-motor.co.id/product/aerox-alpha/,2026-08-07,images/produk/aerox-alpha.webp
MAXI,AEROX ALPHA,aerox-alpha,Cybercity,31250000,Harga Rekomendasi OTR Jakarta,Elixir Dark Silver,,https://www.yamaha-motor.co.id/product/aerox-alpha/,2026-08-07,images/produk/aerox-alpha.webp
MAXI,AEROX ALPHA,aerox-alpha,Standard,30700000,Harga Rekomendasi OTR Jakarta,Elixir Dark Silver,,https://www.yamaha-motor.co.id/product/aerox-alpha/,2026-08-07,images/produk/aerox-alpha.webp
MAXI,LEXi LX 155,lexi-lx-155,Connected/ABS,32500000,Harga Rekomendasi OTR Jakarta,Ceramic Grey,,https://www.yamaha-motor.co.id/product/lexi-lx-155/,2026-08-07,images/produk/lexi-lx-155.webp
MAXI,LEXi LX 155,lexi-lx-155,S Version,29650000,Harga Rekomendasi OTR Jakarta,Ceramic Grey,,https://www.yamaha-motor.co.id/product/lexi-lx-155/,2026-08-07,images/produk/lexi-lx-155.webp
MAXI,LEXi LX 155,lexi-lx-155,Standard,27850000,Harga Rekomendasi OTR Jakarta,Ceramic Grey,,https://www.yamaha-motor.co.id/product/lexi-lx-155/,2026-08-07,images/produk/lexi-lx-155.webp
MAXI,NMAX,nmax,"""TURBO"" TECH MAX Ultimate",46945000,Harga Rekomendasi OTR Jakarta (termasuk aksesori),Ceramic Grey,Harga resmi mencakup aksesori.,https://www.yamaha-motor.co.id/product/nmax-turbo/,2026-08-07,images/produk/nmax.webp
MAXI,NMAX,nmax,"""TURBO"" TECH MAX Special Livery",45365000,Harga Rekomendasi OTR Jakarta,Ceramic Grey,,https://www.yamaha-motor.co.id/product/nmax-turbo/,2026-08-07,images/produk/nmax.webp
MAXI,NMAX,nmax,"""TURBO"" TECH MAX",44965000,Harga Rekomendasi OTR Jakarta (termasuk aksesori),Ceramic Grey,Harga resmi mencakup aksesori.,https://www.yamaha-motor.co.id/product/nmax-turbo/,2026-08-07,images/produk/nmax.webp
MAXI,NMAX,nmax,"""TURBO""",39465000,Harga Rekomendasi OTR Jakarta (termasuk aksesori),Ceramic Grey,Harga resmi mencakup aksesori.,https://www.yamaha-motor.co.id/product/nmax-turbo/,2026-08-07,images/produk/nmax.webp
MAXI,NMAX,nmax,Neo S MAX Special Livery,35955000,Harga Rekomendasi OTR Jakarta,Ceramic Grey,,https://www.yamaha-motor.co.id/product/nmax-turbo/,2026-08-07,images/produk/nmax.webp
MAXI,NMAX,nmax,Neo S Version,35555000,Harga Rekomendasi OTR Jakarta (termasuk aksesori),Ceramic Grey,Harga resmi mencakup aksesori.,https://www.yamaha-motor.co.id/product/nmax-turbo/,2026-08-07,images/produk/nmax.webp
MAXI,NMAX,nmax,Neo MAX Special Livery,34965000,Harga Rekomendasi OTR Jakarta,Ceramic Grey,,https://www.yamaha-motor.co.id/product/nmax-turbo/,2026-08-07,images/produk/nmax.webp
MAXI,NMAX,nmax,Neo Version,34565000,Harga Rekomendasi OTR Jakarta (termasuk aksesori),Ceramic Grey,Harga resmi mencakup aksesori.,https://www.yamaha-motor.co.id/product/nmax-turbo/,2026-08-07,images/produk/nmax.webp
MAXI,NMAX 155,nmax-155,Connected/ABS,36300000,Harga Rekomendasi OTR Jakarta,Prestige Silver,,https://www.yamaha-motor.co.id/product/all-new-nmax155-connected/,2026-08-07,images/produk/nmax-155.webp
MAXI,NMAX 155,nmax-155,S Version,33175000,Harga Rekomendasi OTR Jakarta,Prestige Silver,,https://www.yamaha-motor.co.id/product/all-new-nmax155-connected/,2026-08-07,images/produk/nmax-155.webp
MAXI,NMAX 155,nmax-155,Standard,32175000,Harga Rekomendasi OTR Jakarta,Prestige Silver,,https://www.yamaha-motor.co.id/product/all-new-nmax155-connected/,2026-08-07,images/produk/nmax-155.webp
MAXI,TMAX,tmax,TMAX MAX Special Livery,475000000,Harga Rekomendasi OTR Jakarta,Crystal Graphite,,https://www.yamaha-motor.co.id/product/tmax-tech-max/,2026-08-07,images/produk/tmax.webp
MAXI,TMAX,tmax,TMAX Tech MAX,455000000,Harga Rekomendasi OTR Jakarta,Crystal Graphite,,https://www.yamaha-motor.co.id/product/tmax-tech-max/,2026-08-07,images/produk/tmax.webp
MAXI,XMAX 250,xmax-250,XMAX 250 MAX Special Livery,70415000,Harga Rekomendasi OTR Jakarta,Metallic Blue,,https://www.yamaha-motor.co.id/product/xmax-connected/,2026-08-07,images/produk/xmax-250.webp
MAXI,XMAX 250,xmax-250,XMAX 250 TECH MAX,77410000,Harga Rekomendasi OTR Jakarta,Metallic Blue,,https://www.yamaha-motor.co.id/product/xmax-connected/,2026-08-07,images/produk/xmax-250.webp
MAXI,XMAX 250,xmax-250,XMAX 250 Connected,70015000,Harga Rekomendasi OTR Jakarta,Metallic Blue,,https://www.yamaha-motor.co.id/product/xmax-connected/,2026-08-07,images/produk/xmax-250.webp
CLASSY,Fazzio,fazzio,"Special Edition ""Sunset Blue""",23150000,Harga Rekomendasi OTR Jakarta,Go Purple,,https://www.yamaha-motor.co.id/product/fazzio/,2026-08-07,images/produk/fazzio.webp
CLASSY,Fazzio,fazzio,"Special Edition ""Starry Night""",25250000,Harga Rekomendasi OTR Jakarta,Go Purple,,https://www.yamaha-motor.co.id/product/fazzio/,2026-08-07,images/produk/fazzio.webp
CLASSY,Fazzio,fazzio,Hybrid Lux,25095000,Harga Rekomendasi OTR Jakarta,Go Purple,,https://www.yamaha-motor.co.id/product/fazzio/,2026-08-07,images/produk/fazzio.webp
CLASSY,Fazzio,fazzio,Hybrid Neo,24405000,Harga Rekomendasi OTR Jakarta,Go Purple,,https://www.yamaha-motor.co.id/product/fazzio/,2026-08-07,images/produk/fazzio.webp
CLASSY,Fazzio,fazzio,Hybrid,22820000,Harga Rekomendasi OTR Jakarta,Go Purple,,https://www.yamaha-motor.co.id/product/fazzio/,2026-08-07,images/produk/fazzio.webp
CLASSY,Grand Filano,grand-filano,Hybrid Lux,29145000,Harga Rekomendasi OTR Jakarta,Royal Iron,,https://www.yamaha-motor.co.id/product/grand-filano/,2026-08-07,images/produk/grand-filano.webp
CLASSY,Grand Filano,grand-filano,Hybrid Neo,28665000,Harga Rekomendasi OTR Jakarta,Royal Iron,,https://www.yamaha-motor.co.id/product/grand-filano/,2026-08-07,images/produk/grand-filano.webp
MATIC,Fino 125,fino-125,Grande,21610000,Harga Rekomendasi OTR Jakarta,Luxury Red,,https://www.yamaha-motor.co.id/product/fino/,2026-08-07,images/produk/fino-125.webp
MATIC,Fino 125,fino-125,Premium,20400000,Harga Rekomendasi OTR Jakarta,Luxury Red,,https://www.yamaha-motor.co.id/product/fino/,2026-08-07,images/produk/fino-125.webp
MATIC,Fino 125,fino-125,Sporty,20400000,Harga Rekomendasi OTR Jakarta,Luxury Red,,https://www.yamaha-motor.co.id/product/fino/,2026-08-07,images/produk/fino-125.webp
MATIC,FreeGo 125,freego-125,Connected,24650000,Harga Rekomendasi OTR Jakarta,Magma Black,,https://www.yamaha-motor.co.id/product/freego-125/,2026-08-07,images/produk/freego-125.webp
MATIC,FreeGo 125,freego-125,Standard,22865000,Harga Rekomendasi OTR Jakarta,Magma Black,,https://www.yamaha-motor.co.id/product/freego-125/,2026-08-07,images/produk/freego-125.webp
MATIC,Gear 125,gear-125,Standard,19495000,Harga Rekomendasi OTR Jakarta,Dull Blue,,https://www.yamaha-motor.co.id/product/gear-125/,2026-08-07,images/produk/gear-125.webp
MATIC,Gear Ultima,gear-ultima,Hybrid Smart,22785000,Harga Rekomendasi OTR Jakarta,Magma Black,,https://www.yamaha-motor.co.id/product/gear-ultima/,2026-08-07,images/produk/gear-ultima.webp
MATIC,Gear Ultima,gear-ultima,Hybrid Solid,20660000,Harga Rekomendasi OTR Jakarta,Magma Black,,https://www.yamaha-motor.co.id/product/gear-ultima/,2026-08-07,images/produk/gear-ultima.webp
MATIC,Gear Ultima,gear-ultima,Hybrid,20240000,Harga Rekomendasi OTR Jakarta,Magma Black,,https://www.yamaha-motor.co.id/product/gear-ultima/,2026-08-07,images/produk/gear-ultima.webp
MATIC,Mio M3 125,mio-m3-125,Mio M3 125,18905000,Harga Rekomendasi OTR Jakarta,Metallic Cyan,,https://www.yamaha-motor.co.id/product/mio-m3/,2026-08-07,images/produk/mio-m3-125.webp
MATIC,X-Ride 125,x-ride-125,X-Ride 125,21135000,Harga Rekomendasi OTR Jakarta,Blue,,https://www.yamaha-motor.co.id/product/x-ride/,2026-08-07,images/produk/x-ride-125.webp
SPORT,MT-15,mt-15,MT-15,41215000,Harga Rekomendasi OTR Jakarta,Metallic Light Grey,,https://www.yamaha-motor.co.id/product/mt15/,2026-08-07,images/produk/mt-15.webp
SPORT,MT-25,mt-25,MT-25,66450000,Harga Rekomendasi OTR Jakarta,Metallic Light Grey,,https://www.yamaha-motor.co.id/product/mt25/,2026-08-07,images/produk/mt-25.webp
SPORT,R15,r15,"R15M C ""ABS"" 70th Livery",47100000,Harga Rekomendasi OTR Jakarta,Icon Performance,,https://www.yamaha-motor.co.id/product/all-new-R15-connected/,2026-08-07,images/produk/r15.webp
SPORT,R15,r15,R15M Connected/ABS,46950000,Harga Rekomendasi OTR Jakarta,Icon Performance,,https://www.yamaha-motor.co.id/product/all-new-R15-connected/,2026-08-07,images/produk/r15.webp
SPORT,R15,r15,R15 Connected,42200000,Harga Rekomendasi OTR Jakarta,Icon Performance,,https://www.yamaha-motor.co.id/product/all-new-R15-connected/,2026-08-07,images/produk/r15.webp
SPORT,R25,r25,R25,76250000,Harga Rekomendasi OTR Jakarta,Racing Blue,,https://www.yamaha-motor.co.id/product/r25/,2026-08-07,images/produk/r25.webp
SPORT,VIXION 155,vixion-155,VIXION R 155,34020000,Harga Rekomendasi OTR Jakarta,Matte Black,,https://www.yamaha-motor.co.id/product/vixion/,2026-08-07,images/produk/vixion-155.webp
SPORT,VIXION 155,vixion-155,VIXION 150,31450000,Harga Rekomendasi OTR Jakarta,Matte Black,Nama model di halaman kategori: VIXION 155; varian resmi juga memuat VIXION 150.,https://www.yamaha-motor.co.id/product/vixion/,2026-08-07,images/produk/vixion-155.webp
SPORT,XSR 155,xsr-155,XSR 155 70th Livery,40665000,Harga Rekomendasi OTR Jakarta,Metallic Brown Authentic,,https://www.yamaha-motor.co.id/product/xsr-155/,2026-08-07,images/produk/xsr-155.webp
SPORT,XSR 155,xsr-155,XSR 155,40265000,Harga Rekomendasi OTR Jakarta,Metallic Brown Authentic,,https://www.yamaha-motor.co.id/product/xsr-155/,2026-08-07,images/produk/xsr-155.webp
OFF-ROAD,WR155R,wr155r,WR155R,41275000,Harga Rekomendasi OTR Jakarta,Blue,,https://www.yamaha-motor.co.id/product/wr155r/,2026-08-07,images/produk/wr155r.webp
OFF-ROAD,YZ125X,yz125x,YZ125X,99800000,Harga Rekomendasi Off The Road,Blue,Harga belum termasuk pajak/registrasi jalan.,https://www.yamaha-motor.co.id/product/yz125x/,2026-08-07,images/produk/yz125x.webp
OFF-ROAD,YZ250FX,yz250fx,YZ250FX,140000000,Harga Rekomendasi Off The Road,Blue,Harga belum termasuk pajak/registrasi jalan.,https://www.yamaha-motor.co.id/product/yz250fx/,2026-08-07,images/produk/yz250fx.webp
OFF-ROAD,YZ250X,yz250x,YZ250X,132000000,Harga Rekomendasi Off The Road,Blue,Harga belum termasuk pajak/registrasi jalan.,https://www.yamaha-motor.co.id/product/yz250x/,2026-08-07,images/produk/yz250x.webp
MOPED,Jupiter Z1,jupiter-z1,Jupiter Z1,22580000,Harga Rekomendasi OTR Jakarta,Metallic Cyan,,https://www.yamaha-motor.co.id/product/jupiter-z1/,2026-08-07,images/produk/jupiter-z1.webp
MOPED,MX King 150,mx-king-150,MX King 150 Prima Pramac Livery,29900000,Harga Rekomendasi OTR Jakarta,Blue,Situs menampilkan angka tanpa awalan “Rp”; dinormalisasi sebagai rupiah.,https://www.yamaha-motor.co.id/product/mx-king-150/,2026-08-07,images/produk/mx-king-150.webp
MOPED,MX King 150,mx-king-150,MX King 150 70th Livery,29400000,Harga Rekomendasi OTR Jakarta,Blue,,https://www.yamaha-motor.co.id/product/mx-king-150/,2026-08-07,images/produk/mx-king-150.webp
MOPED,MX King 150,mx-king-150,MX King 150,29200000,Harga Rekomendasi OTR Jakarta,Blue,,https://www.yamaha-motor.co.id/product/mx-king-150/,2026-08-07,images/produk/mx-king-150.webp
MOPED,Vega Force,vega-force,Vega Force,19900000,Harga Rekomendasi OTR Jakarta,Black Yellow,,https://www.yamaha-motor.co.id/product/vega-force/,2026-08-07,images/produk/vega-force.webp
